﻿<?xml version="1.0" encoding="utf-8"?>
<AlertParameters>

  <ConflictAlerts>
    <STCA Name="TMA" LateralNM="6.0" SecondsLookahead="60" AlertPriority="1">
      <Vertical LowerLevel="0" UpperLevel="28000" Height="600" HeightWithRVSM="600" />
      <Vertical LowerLevel="28001" UpperLevel="41000" Height="1600" HeightWithRVSM="600" />
      <Vertical LowerLevel="41001" UpperLevel="99999" Height="1600" HeightWithRVSM="1600" />
      <Volumes>HCMM_TMA</Volumes>
    </STCA>
    <STCA Name="ENR ADSB" LateralNM="6.0" SecondsLookahead="90" AlertPriority="1">
      <Vertical LowerLevel="0" UpperLevel="28000" Height="600" HeightWithRVSM="600" />
      <Vertical LowerLevel="28001" UpperLevel="41000" Height="1600" HeightWithRVSM="600" />
      <Vertical LowerLevel="41001" UpperLevel="99999" Height="1600" HeightWithRVSM="1600" />
      <Volumes>HCSM</Volumes>
    </STCA>
    <STCA Name="ENR2" LateralNM="30.0" SecondsLookahead="7200" AlertPriority="1">
      <Vertical LowerLevel="0" UpperLevel="28000" Height="600" HeightWithRVSM="600" />
      <Vertical LowerLevel="28001" UpperLevel="41000" Height="1600" HeightWithRVSM="600" />
      <Vertical LowerLevel="41001" UpperLevel="99999" Height="1600" HeightWithRVSM="1600" />
      <Volumes>HCSM</Volumes>
    </STCA>

    <MTCA Name="ENR" LateralNM="30.0" SecondsLookahead="7200" AlertPriority="3">
      <Vertical LowerLevel="18000" UpperLevel="28000" Height="600" HeightWithRVSM="600" />
      <Vertical LowerLevel="28001" UpperLevel="41000" Height="1600" HeightWithRVSM="600" />
      <Vertical LowerLevel="41001" UpperLevel="99999" Height="1600" HeightWithRVSM="1600" />
      <Volumes>HCMM</Volumes>
    </MTCA>

  </ConflictAlerts>
  <EMG SSRCode="7700" AlertPriority="2" />
  <RCF SSRCode="7600" AlertPriority="2" />
  <NAV WaypointNodeRadius="14" CorridorWidth="14" AirportRadius="20" AlertPriority="3" />
  <POS SecondsAfterETO="180" AlertPriority="4" />
  <ETO SecondsDifferentFromSystem="180" AlertPriority="4" />
  <RA SecondsLookahead="60" AlertPriority="1" />
  <CLAM AltitudeDeviation="200" MinutesMaintaining="15" AlertPriority="3" />
  <LA Height="600" SecondsLookahead="60" AlertPriority="1" />
</AlertParameters>